Date,Recession,Automobile_Sales,GDP,Unemployment_Rate,Consumer_Confidence,Seasonality_Weight,Price,Advertising_Expenditure,Vehicle_Type,Competition,Month,Year
1979-01-01,0,18324,36345.84,9.36,66.51,0.94,19321,101242,Sports,16,1,1979
1979-02-01,0,37393,40017.04,6.05,88.1,0.94,36771,69927,Executivecar,7,2,1979
1979-03-01,0,27495,38876.87,3.54,99.61,0.93,41336,119077,Mediumfamilycar,15,3,1979
1979-04-01,0,20715,32083.15,9.06,103.73,0.91,28192,66194,Smallfamilycar,5,4,1979
1979-05-01,0,38454,32310.7,4.76,94.31,0.97,35577,66021,Mediumfamilycar,6,5,1979
1979-06-01,0,28489,38622.58,8.64,98.38,1.11,32612,115313,Sports,14,6,1979
1979-07-01,0,27000,37801.44,6.13,111.71,1.1,34802,124155,Mediumfamilycar,12,7,1979
1979-08-01,0,30293,34282.88,4.15,111.18,0.94,44050,60670,Smallfamilycar,5,8,1979
1979-09-01,0,20727,35889.86,4.75,68.27,1.08,41011,116095,Smallfamilycar,15,9,1979
1979-10-01,0,37698,31961.45,4.97,110.14,0.86,21020,143172,Mediumfamilycar,10,10,1979
1979-11-01,0,22386,30953.68,6.11,79.71,0.87,19804,145554,Supperminicar,17,11,1979
1979-12-01,0,34196,31882.09,5.39,76.87,1.13,48893,42097,Sports,9,12,1979
1980-01-01,1,18569,41063.03,7.21,106.61,0.88,32195,35309,Supperminicar,12,1,1980
1980-02-01,1,28548,31397.51,8.09,119.14,1.09,46833,48616,Mediumfamilycar,16,2,1980
1980-03-01,1,16823,40450.05,8.37,111.3,0.89,28893,130543,Mediumfamilycar,17,3,1980
1980-04-01,1,38106,38908.58,8.74,116.92,1.14,23952,93488,Smallfamilycar,9,4,1980
1980-05-01,1,15199,36887.61,7.54,116.06,1.02,26793,96932,Sports,10,5,1980
1980-06-01,1,17638,32515.45,3.85,118.46,1.02,49362,40587,Supperminicar,8,6,1980
1980-07-01,1,29813,34074.77,9.28,56.26,1.02,48813,108957,Executivecar,13,7,1980
1980-08-01,1,22052,37068.18,7.81,117.1,1.12,25563,86174,Mediumfamilycar,16,8,1980
1980-09-01,1,34004,35057.49,4.15,72.24,0.91,42550,114927,Mediumfamilycar,5,9,1980
1980-10-01,1,21611,31350.19,8.38,118.16,0.86,27879,60971,Mediumfamilycar,13,10,1980
1980-11-01,1,21347,31947.33,5.38,110.87,0.92,48391,42216,Executivecar,19,11,1980
1980-12-01,1,39709,37056.89,7.44,106.13,0.93,44907,148079,Mediumfamilycar,8,12,1980
1981-01-01,1,27574,28638.3,6.75,96.63,1.0,28349,37567,Mediumfamilycar,7,1,1981
1981-02-01,1,20658,34324.27,8.31,69.72,1.01,23569,148819,Executivecar,8,2,1981
1981-03-01,1,34854,33289.33,7.52,66.26,1.09,32774,35862,Supperminicar,18,3,1981
1981-04-01,1,29107,38715.69,4.45,61.77,1.12,42344,93974,Mediumfamilycar,14,4,1981
1981-05-01,1,26567,39034.2,3.53,58.01,1.06,40946,115686,Smallfamilycar,15,5,1981
1981-06-01,1,34761,39723.67,7.88,103.73,1.09,21567,62467,Smallfamilycar,14,6,1981
1981-07-01,1,37498,36515.51,9.2,76.4,1.12,19356,109037,Sports,19,7,1981
1981-08-01,1,17290,25544.24,8.76,107.57,1.08,48938,115116,Executivecar,19,8,1981
1981-09-01,1,39560,37681.5,7.11,79.63,0.96,44512,32551,Smallfamilycar,12,9,1981
1981-10-01,1,28205,35210.66,8.01,75.12,1.13,45178,101589,Sports,19,10,1981
1981-11-01,1,27408,30334.13,3.72,78.19,1.07,31736,75720,Smallfamilycar,18,11,1981
1981-12-01,1,34461,33750.66,7.36,84.39,1.07,42088,100640,Smallfamilycar,6,12,1981
1982-01-01,1,28642,28874.2,4.62,101.11,1.1,42769,81833,Supperminicar,19,1,1982
1982-02-01,1,19542,37948.78,3.83,72.97,0.87,40456,94580,Supperminicar,8,2,1982
1982-03-01,1,25335,40086.76,5.78,112.18,1.04,26967,56531,Sports,15,3,1982
1982-04-01,1,29780,43083.31,7.87,54.87,0.95,20209,59928,Mediumfamilycar,6,4,1982
1982-05-01,1,39703,38582.97,7.21,104.11,0.93,30378,145732,Supperminicar,10,5,1982
1982-06-01,1,24226,39213.58,7.61,54.85,0.92,26448,120938,Smallfamilycar,7,6,1982
1982-07-01,1,18511,35447.78,6.11,100.07,1.01,41039,120978,Executivecar,10,7,1982
1982-08-01,1,15480,41075.19,6.67,76.8,0.9,46948,123206,Sports,12,8,1982
1982-09-01,1,36904,30512.73,6.34,109.03,0.86,39421,94429,Mediumfamilycar,16,9,1982
1982-10-01,1,21549,41839.47,7.03,99.8,0.88,48674,70783,Sports,9,10,1982
1982-11-01,1,31195,36566.03,4.38,92.38,0.95,31900,44843,Executivecar,5,11,1982
1982-12-01,1,16970,32695.3,4.47,118.58,0.88,28620,32963,Supperminicar,16,12,1982
1983-01-01,0,31644,37522.23,5.51,104.59,1.13,41549,119362,Smallfamilycar,6,1,1983
1983-02-01,0,23866,37551.42,5.99,96.75,0.91,41861,127730,Mediumfamilycar,18,2,1983
1983-03-01,0,30808,33023.28,9.41,84.83,1.02,24711,109780,Executivecar,14,3,1983
1983-04-01,0,19018,45017.12,4.08,84.15,1.01,23033,89677,Executivecar,17,4,1983
1983-05-01,0,33957,28357.84,5.51,119.89,1.05,24003,71732,Executivecar,7,5,1983
1983-06-01,0,30120,35568.26,6.9,57.11,1.1,23874,141262,Mediumfamilycar,16,6,1983
1983-07-01,0,31355,34146.02,5.45,118.02,0.88,31358,53646,Mediumfamilycar,18,7,1983
1983-08-01,0,18339,36951.63,6.59,107.99,1.11,34381,125895,Executivecar,11,8,1983
1983-09-01,0,26725,41629.28,3.76,73.65,1.02,47339,141768,Smallfamilycar,12,9,1983
1983-10-01,0,20578,38466.45,8.64,89.42,1.05,49199,61566,Supperminicar,10,10,1983
1983-11-01,0,28301,33197.02,8.54,63.87,1.12,31284,107551,Sports,18,11,1983
1983-12-01,0,15439,39610.57,7.84,116.09,0.91,27625,99774,Executivecar,5,12,1983
1984-01-01,0,23569,35131.01,5.0,97.19,0.98,39276,137756,Mediumfamilycar,19,1,1984
1984-02-01,0,15250,29696.46,3.97,65.05,1.01,49159,111152,Smallfamilycar,16,2,1984
1984-03-01,0,17460,35397.08,7.37,111.57,0.97,43914,36199,Smallfamilycar,5,3,1984
1984-04-01,0,31423,47345.66,4.65,67.75,1.01,21101,48199,Mediumfamilycar,8,4,1984
1984-05-01,0,31229,34105.65,4.57,58.51,1.11,31196,89081,Smallfamilycar,8,5,1984
1984-06-01,0,36626,32047.16,4.03,89.37,1.14,27816,73011,Smallfamilycar,15,6,1984
1984-07-01,0,38483,22631.41,5.03,72.56,0.92,48733,117519,Supperminicar,11,7,1984
1984-08-01,0,21835,37622.18,9.43,57.14,1.05,46851,51487,Supperminicar,8,8,1984
1984-09-01,0,28697,38423.28,7.71,67.88,1.12,40042,49582,Mediumfamilycar,18,9,1984
1984-10-01,0,30488,42896.95,6.96,67.45,1.03,43792,149315,Executivecar,16,10,1984
1984-11-01,0,18108,30056.21,4.79,65.11,0.98,37933,105528,Smallfamilycar,15,11,1984
1984-12-01,0,17959,38335.56,7.82,60.48,0.89,36418,114705,Supperminicar,15,12,1984
1985-01-01,0,19296,42176.36,3.88,115.11,1.11,21067,60532,Sports,6,1,1985
1985-02-01,0,21978,38747.6,5.75,103.7,1.01,33776,54575,Supperminicar,14,2,1985
1985-03-01,0,34141,39041.9,8.09,57.54,0.88,48000,44998,Smallfamilycar,5,3,1985
1985-04-01,0,23602,37232.12,4.07,67.23,0.86,20277,130755,Smallfamilycar,13,4,1985
1985-05-01,0,18667,41659.78,5.52,109.08,1.11,44960,101195,Executivecar,5,5,1985
1985-06-01,0,21075,34972.27,8.22,75.4,0.94,24640,48069,Mediumfamilycar,12,6,1985
1985-07-01,0,28868,30172.71,4.73,105.26,1.1,49941,51116,Mediumfamilycar,19,7,1985
1985-08-01,0,26538,38426.96,8.87,97.51,0.86,47991,66741,Executivecar,17,8,1985
1985-09-01,0,20066,32125.18,5.88,112.71,1.08,29918,41701,Supperminicar,13,9,1985
1985-10-01,0,35243,42768.6,7.62,101.04,0.86,34317,63686,Supperminicar,5,10,1985
1985-11-01,0,33054,35104.81,3.93,110.5,0.97,48771,118984,Smallfamilycar,10,11,1985
1985-12-01,0,22104,37271.12,7.49,78.76,1.13,40082,110707,Sports,12,12,1985
1986-01-01,0,37434,36286.33,4.12,69.37,0.94,38225,73137,Sports,11,1,1986
1986-02-01,0,24798,44484.06,6.87,94.03,1.14,48870,143975,Supperminicar,18,2,1986
1986-03-01,0,20578,37781.49,5.77,74.75,0.93,32434,100200,Supperminicar,9,3,1986
1986-04-01,0,33174,33742.22,6.41,110.17,1.05,21136,103074,Executivecar,10,4,1986
1986-05-01,0,26907,34696.67,9.28,103.07,0.98,21498,50760,Mediumfamilycar,5,5,1986
1986-06-01,0,29910,29266.52,8.22,70.86,1.13,28820,73677,Executivecar,17,6,1986
1986-07-01,0,30401,25556.69,8.42,57.21,1.0,40696,135825,Sports,12,7,1986
1986-08-01,0,36566,39095.37,8.25,118.45,0.98,23334,83749,Supperminicar,10,8,1986
1986-09-01,0,35670,40369.96,7.04,98.16,1.01,32016,58333,Executivecar,14,9,1986
1986-10-01,0,23700,38309.69,5.25,67.36,0.86,30934,149622,Mediumfamilycar,6,10,1986
1986-11-01,0,22306,29683.48,8.9,55.67,0.92,47211,74518,Mediumfamilycar,18,11,1986
1986-12-01,0,23215,37824.44,8.95,114.6,0.94,34875,40860,Supperminicar,19,12,1986
1987-01-01,0,39577,42165.56,7.94,58.62,1.13,37525,141109,Smallfamilycar,13,1,1987
1987-02-01,0,27621,29753.38,5.76,50.23,1.03,48747,128197,Smallfamilycar,19,2,1987
1987-03-01,0,23103,32908.99,8.07,116.06,0.9,44112,41266,Supperminicar,7,3,1987
1987-04-01,0,23374,35736.69,6.61,100.92,1.12,27244,110830,Supperminicar,12,4,1987
1987-05-01,0,32705,30864.58,8.71,52.0,1.08,47118,67184,Mediumfamilycar,19,5,1987
1987-06-01,0,17157,43659.02,6.23,69.55,0.88,27768,92785,Mediumfamilycar,7,6,1987
1987-07-01,0,31663,34021.88,4.72,109.17,1.14,46705,52065,Supperminicar,9,7,1987
1987-08-01,0,21858,37100.24,7.75,51.56,0.88,29055,125858,Executivecar,9,8,1987
1987-09-01,0,35323,32582.71,3.86,59.5,1.11,33270,36152,Sports,10,9,1987
1987-10-01,0,16230,32294.73,5.7,90.89,1.12,31660,89252,Smallfamilycar,15,10,1987
1987-11-01,0,21229,31314.63,7.11,98.77,1.1,48930,110527,Mediumfamilycar,13,11,1987
1987-12-01,0,22100,28156.38,4.66,93.04,1.14,43359,136731,Sports,10,12,1987
1988-01-01,0,30064,34828.51,9.31,65.19,1.14,29286,145422,Sports,19,1,1988
1988-02-01,0,27060,37042.0,3.91,53.33,0.96,33182,74808,Smallfamilycar,18,2,1988
1988-03-01,0,30443,39210.9,5.76,64.62,1.04,18997,65130,Mediumfamilycar,12,3,1988
1988-04-01,0,32530,41281.47,9.24,92.8,1.14,37650,54186,Mediumfamilycar,11,4,1988
1988-05-01,0,33047,25884.95,6.29,118.24,0.88,34730,92209,Mediumfamilycar,13,5,1988
1988-06-01,0,20897,38643.31,7.29,107.07,1.07,28915,76832,Executivecar,5,6,1988
1988-07-01,0,29288,26615.39,4.75,93.0,0.86,47615,73739,Sports,19,7,1988
1988-08-01,0,23418,42726.16,6.97,102.57,0.93,48908,101529,Smallfamilycar,8,8,1988
1988-09-01,0,29026,38660.42,6.89,75.79,1.14,45780,143365,Smallfamilycar,10,9,1988
1988-10-01,0,17021,31956.54,8.37,114.83,0.94,40742,62814,Mediumfamilycar,14,10,1988
1988-11-01,0,27061,42238.87,7.07,84.94,1.07,45192,79349,Executivecar,9,11,1988
1988-12-01,0,32552,35596.92,8.86,69.7,1.05,23970,68292,Executivecar,5,12,1988
1989-01-01,0,16090,28369.3,7.84,55.9,1.12,35853,41944,Supperminicar,16,1,1989
1989-02-01,0,31120,36330.73,5.14,65.25,1.07,48648,81094,Sports,14,2,1989
1989-03-01,0,17792,31149.06,7.67,108.4,0.94,49624,132204,Supperminicar,9,3,1989
1989-04-01,0,37472,32877.94,6.15,94.96,1.03,26175,126874,Smallfamilycar,13,4,1989
1989-05-01,0,21294,42281.83,4.41,73.27,0.89,21311,124210,Sports,13,5,1989
1989-06-01,0,28987,38671.96,9.05,50.64,1.05,29331,88659,Smallfamilycar,17,6,1989
1989-07-01,0,18756,28297.39,6.41,55.8,1.11,41475,147862,Mediumfamilycar,17,7,1989
1989-08-01,0,24901,35880.36,8.77,61.24,1.06,46098,59241,Executivecar,15,8,1989
1989-09-01,0,24446,32706.98,5.07,118.74,0.88,33180,75561,Sports,14,9,1989
1989-10-01,0,25432,31701.38,8.41,79.4,0.88,28971,53807,Mediumfamilycar,5,10,1989
1989-11-01,0,33899,37978.78,4.63,70.37,0.99,32215,104726,Sports,6,11,1989
1989-12-01,0,26844,32174.47,7.83,119.22,1.11,46531,105845,Smallfamilycar,11,12,1989
1990-01-01,0,30781,39492.27,4.76,119.62,1.14,43181,102791,Sports,17,1,1990
1990-02-01,0,35858,29023.03,6.69,80.71,0.86,35510,31440,Smallfamilycar,5,2,1990
1990-03-01,0,19431,29624.06,5.28,84.1,0.87,44052,53382,Smallfamilycar,7,3,1990
1990-04-01,0,25736,38686.54,5.54,54.26,0.96,24216,32265,Supperminicar,8,4,1990
1990-05-01,0,27072,35842.78,8.23,73.44,0.98,42667,58831,Mediumfamilycar,5,5,1990
1990-06-01,0,30254,52898.06,5.12,68.12,0.92,45162,85421,Sports,14,6,1990
1990-07-01,0,34722,37548.14,5.66,107.63,1.11,25594,100812,Executivecar,13,7,1990
1990-08-01,0,29392,30952.13,5.5,115.53,1.11,42405,46754,Executivecar,14,8,1990
1990-09-01,0,35508,36113.3,3.9,106.98,0.93,35993,55382,Executivecar,17,9,1990
1990-10-01,0,35573,39557.78,5.69,66.16,0.99,44639,64264,Supperminicar,14,10,1990
1990-11-01,0,22794,42905.42,8.2,75.49,0.87,38024,91217,Sports,11,11,1990
1990-12-01,0,28245,35203.45,8.21,90.38,1.04,42174,35103,Smallfamilycar,9,12,1990
1991-01-01,1,19049,34556.8,9.24,82.59,0.96,21019,128544,Mediumfamilycar,7,1,1991
1991-02-01,1,37880,36236.41,7.59,110.63,1.06,34403,120729,Sports,15,2,1991
1991-03-01,1,36744,31290.0,8.97,96.26,0.98,44102,69353,Executivecar,15,3,1991
1991-04-01,1,36339,42949.76,3.58,88.79,1.02,26462,143342,Mediumfamilycar,11,4,1991
1991-05-01,1,30091,32641.7,9.05,99.83,1.1,20231,67368,Smallfamilycar,5,5,1991
1991-06-01,1,34870,23665.03,5.21,61.18,1.05,31230,141394,Sports,13,6,1991
1991-07-01,1,26551,39027.02,6.76,76.98,1.15,32650,36615,Supperminicar,12,7,1991
1991-08-01,1,39996,35186.93,9.48,83.08,1.03,42563,132523,Supperminicar,10,8,1991
1991-09-01,1,30645,33739.96,5.6,118.51,0.93,44843,34802,Executivecar,13,9,1991
1991-10-01,1,29755,30658.2,4.22,107.04,1.02,40992,55867,Supperminicar,13,10,1991
1991-11-01,1,29126,39666.0,9.13,75.13,1.14,26683,79197,Sports,8,11,1991
1991-12-01,1,32955,29407.58,5.04,65.47,1.03,20104,97439,Supperminicar,13,12,1991
1992-01-01,0,38388,38265.11,8.58,53.23,0.89,45318,31314,Sports,15,1,1992
1992-02-01,0,18955,34783.98,7.74,92.62,0.93,39903,70837,Executivecar,19,2,1992
1992-03-01,0,21756,40256.55,6.94,94.69,0.97,32572,60457,Mediumfamilycar,19,3,1992
1992-04-01,0,16563,28568.89,5.01,62.6,0.89,41170,105117,Supperminicar,6,4,1992
1992-05-01,0,34748,34160.5,7.28,97.19,0.9,23281,131717,Mediumfamilycar,19,5,1992
1992-06-01,0,38010,43514.25,9.43,52.01,0.88,26601,44401,Supperminicar,16,6,1992
1992-07-01,0,38770,36211.75,6.56,116.3,1.03,35272,103378,Supperminicar,13,7,1992
1992-08-01,0,32666,36977.99,4.57,114.46,0.92,30238,40696,Sports,8,8,1992
1992-09-01,0,25664,41732.21,8.37,72.58,0.87,20601,83928,Supperminicar,9,9,1992
1992-10-01,0,32053,22070.75,9.36,64.36,1.01,47886,93734,Executivecar,18,10,1992
1992-11-01,0,25273,38049.48,3.77,54.81,0.93,42987,60003,Executivecar,14,11,1992
1992-12-01,0,24065,39131.84,4.02,108.47,1.05,19386,57920,Supperminicar,9,12,1992
1993-01-01,0,29466,37204.7,7.45,56.79,1.03,37112,116528,Smallfamilycar,17,1,1993
1993-02-01,0,30920,39670.41,6.03,103.5,1.04,48771,46690,Smallfamilycar,19,2,1993
1993-03-01,0,35792,41544.12,4.41,113.63,0.92,46177,135620,Sports,11,3,1993
1993-04-01,0,19668,30949.41,6.17,92.44,1.08,36856,49362,Supperminicar,6,4,1993
1993-05-01,0,33580,38746.13,6.1,109.8,0.95,35765,30533,Executivecar,6,5,1993
1993-06-01,0,30682,32486.93,8.36,51.97,0.86,28081,134118,Executivecar,12,6,1993
1993-07-01,0,29697,32538.3,6.08,57.2,1.06,33912,55585,Mediumfamilycar,10,7,1993
1993-08-01,0,35967,41198.73,6.02,51.14,1.1,44767,82639,Supperminicar,13,8,1993
1993-09-01,0,15892,35483.47,5.29,51.89,1.04,28941,111340,Sports,6,9,1993
1993-10-01,0,16017,38359.65,9.46,56.91,0.87,39770,97773,Sports,19,10,1993
1993-11-01,0,34916,34718.45,4.23,73.72,0.97,32246,148213,Smallfamilycar,16,11,1993
1993-12-01,0,15367,34233.6,6.79,114.15,0.85,22553,140576,Mediumfamilycar,5,12,1993
1994-01-01,0,24697,33393.02,8.49,74.02,0.85,23836,56078,Mediumfamilycar,16,1,1994
1994-02-01,0,30648,24528.31,4.51,95.72,1.02,25844,75048,Sports,9,2,1994
1994-03-01,0,38296,26605.24,4.99,93.96,1.12,19204,95082,Sports,5,3,1994
1994-04-01,0,20317,39102.47,4.56,67.1,0.89,19979,108969,Smallfamilycar,7,4,1994
1994-05-01,0,18044,38240.55,8.83,107.58,1.13,45726,76228,Supperminicar,18,5,1994
1994-06-01,0,19237,30260.34,4.01,81.82,1.09,44615,144377,Smallfamilycar,11,6,1994
1994-07-01,0,28880,35351.51,3.96,101.65,0.98,41092,84338,Mediumfamilycar,16,7,1994
1994-08-01,0,33235,37051.74,8.47,93.51,0.93,43557,124851,Executivecar,9,8,1994
1994-09-01,0,38905,38124.93,8.87,74.22,1.06,34449,77760,Sports,10,9,1994
1994-10-01,0,18598,39092.49,4.94,53.23,1.07,19022,48905,Executivecar,10,10,1994
1994-11-01,0,24329,30699.93,7.15,118.61,0.94,28070,99402,Sports,16,11,1994
1994-12-01,0,39183,29576.87,5.55,74.87,0.89,33541,109440,Supperminicar,10,12,1994
1995-01-01,0,39431,30340.09,5.22,89.77,0.99,32113,31010,Sports,11,1,1995
1995-02-01,0,39197,33682.24,7.68,59.73,0.91,35208,88090,Sports,9,2,1995
1995-03-01,0,22802,40273.84,7.66,94.08,1.04,25621,56028,Supperminicar,15,3,1995
1995-04-01,0,16075,44479.68,3.82,101.73,1.08,47098,144071,Executivecar,18,4,1995
1995-05-01,0,29944,27124.81,7.25,109.68,1.15,40373,76546,Supperminicar,17,5,1995
1995-06-01,0,39794,32034.4,3.87,89.52,1.13,40745,128773,Smallfamilycar,7,6,1995
1995-07-01,0,38755,41779.08,4.86,118.14,1.12,23322,90181,Smallfamilycar,17,7,1995
1995-08-01,0,38252,41957.24,8.1,105.8,1.04,36731,135599,Executivecar,12,8,1995
1995-09-01,0,39603,43114.48,5.11,53.95,1.02,30873,48464,Executivecar,15,9,1995
1995-10-01,0,39738,36055.65,7.75,64.48,1.01,39995,108389,Smallfamilycar,6,10,1995
1995-11-01,0,30091,33459.24,9.05,94.72,1.01,48074,49110,Smallfamilycar,7,11,1995
1995-12-01,0,23382,39220.01,4.48,63.04,1.12,34409,143907,Sports,5,12,1995
1996-01-01,0,21014,37549.18,7.63,63.52,0.94,20362,109706,Sports,17,1,1996
1996-02-01,0,25888,40533.83,4.95,94.99,1.05,36962,45364,Sports,6,2,1996
1996-03-01,0,16932,32348.1,6.85,96.91,1.03,34138,127488,Executivecar,19,3,1996
1996-04-01,0,17610,35159.3,5.48,71.1,0.94,45767,127472,Mediumfamilycar,10,4,1996
1996-05-01,0,31255,44276.58,6.1,110.4,1.13,18178,68842,Smallfamilycar,17,5,1996
1996-06-01,0,27683,35881.82,9.41,59.74,1.03,26873,55066,Smallfamilycar,6,6,1996
1996-07-01,0,30196,19596.57,4.79,68.48,1.08,37157,142313,Smallfamilycar,8,7,1996
1996-08-01,0,19534,41393.92,6.97,82.75,1.08,39973,71039,Smallfamilycar,12,8,1996
1996-09-01,0,18101,25161.66,4.45,61.18,1.15,34448,87647,Executivecar,16,9,1996
1996-10-01,0,17102,27981.23,3.88,92.57,0.97,39995,35279,Mediumfamilycar,17,10,1996
1996-11-01,0,28273,42718.55,4.81,109.96,0.92,43722,57063,Sports,17,11,1996
1996-12-01,0,16929,34611.67,4.49,110.65,1.03,26235,31380,Mediumfamilycar,5,12,1996
1997-01-01,0,15515,30788.81,4.0,54.26,0.9,20060,78171,Supperminicar,14,1,1997
1997-02-01,0,17170,34891.09,8.15,52.15,0.93,18827,124026,Smallfamilycar,9,2,1997
1997-03-01,0,29019,38765.5,3.79,113.32,1.14,30428,44365,Smallfamilycar,7,3,1997
1997-04-01,0,20985,36459.82,7.17,75.93,1.13,21117,145120,Supperminicar,5,4,1997
1997-05-01,0,19881,42850.74,7.79,107.92,0.9,49762,65810,Executivecar,14,5,1997
1997-06-01,0,23859,27490.48,3.58,60.77,1.13,49757,139160,Mediumfamilycar,18,6,1997
1997-07-01,0,38243,36399.51,3.9,50.51,1.09,20335,149496,Supperminicar,18,7,1997
1997-08-01,0,27584,38808.04,6.01,83.19,1.11,34520,46846,Mediumfamilycar,17,8,1997
1997-09-01,0,20600,42822.02,6.67,110.48,1.03,44859,61893,Mediumfamilycar,18,9,1997
1997-10-01,0,21929,35991.94,3.71,69.27,1.12,27278,34299,Executivecar,6,10,1997
1997-11-01,0,25486,32806.62,6.17,77.92,0.93,37687,51117,Sports,11,11,1997
1997-12-01,0,18232,34740.18,8.58,109.42,0.88,29037,103615,Sports,8,12,1997
1998-01-01,0,30573,30167.34,5.71,68.85,1.15,45908,90159,Supperminicar,9,1,1998
1998-02-01,0,34839,30941.84,5.8,118.62,1.12,26667,46582,Supperminicar,14,2,1998
1998-03-01,0,17584,27620.91,4.47,50.66,1.14,22863,37793,Supperminicar,17,3,1998
1998-04-01,0,27559,31268.34,8.5,81.17,0.88,24590,69913,Sports,18,4,1998
1998-05-01,0,28956,30030.63,5.43,74.62,1.15,44457,69533,Smallfamilycar,5,5,1998
1998-06-01,0,16389,28653.43,9.22,88.66,1.02,27509,102101,Smallfamilycar,6,6,1998
1998-07-01,0,24570,31917.43,7.4,99.03,0.94,37689,149325,Supperminicar,6,7,1998
1998-08-01,0,26148,38679.15,6.53,66.31,1.05,23776,121409,Executivecar,17,8,1998
1998-09-01,0,31406,26016.18,7.01,116.49,0.98,49759,102068,Supperminicar,8,9,1998
1998-10-01,0,19676,39613.8,5.44,64.09,0.88,39326,96707,Executivecar,18,10,1998
1998-11-01,0,24900,33517.61,7.38,69.4,1.03,40327,137234,Supperminicar,15,11,1998
1998-12-01,0,21636,35315.27,4.23,81.29,1.11,38976,83656,Executivecar,19,12,1998
1999-01-01,0,21369,32573.86,8.63,59.24,0.88,23857,89333,Smallfamilycar,15,1,1999
1999-02-01,0,34644,30264.8,6.58,58.62,1.02,33800,133049,Executivecar,10,2,1999
1999-03-01,0,29271,36779.36,6.36,79.5,1.1,34627,129173,Mediumfamilycar,8,3,1999
1999-04-01,0,25419,30282.91,4.0,69.47,1.12,39119,48807,Sports,11,4,1999
1999-05-01,0,29121,36813.4,8.77,56.01,0.99,39369,53842,Mediumfamilycar,5,5,1999
1999-06-01,0,21172,31389.1,9.12,113.87,1.1,45838,131096,Executivecar,9,6,1999
1999-07-01,0,38064,35795.57,3.6,55.2,0.88,35948,71370,Executivecar,10,7,1999
1999-08-01,0,36808,26448.53,4.6,89.53,1.07,22872,32358,Sports,6,8,1999
1999-09-01,0,37971,35869.87,7.16,105.18,1.1,31804,128431,Sports,8,9,1999
1999-10-01,0,27661,29643.4,8.79,118.24,1.06,23296,47710,Smallfamilycar,5,10,1999
1999-11-01,0,23263,45010.86,5.29,66.61,1.01,39150,141471,Executivecar,7,11,1999
1999-12-01,0,26992,30044.99,8.74,64.16,1.0,28012,77031,Sports,8,12,1999
2000-01-01,1,20217,30401.05,7.99,90.02,0.98,44576,103440,Supperminicar,15,1,2000
2000-02-01,1,38403,29006.67,6.58,119.11,1.06,20724,117147,Sports,9,2,2000
2000-03-01,1,23137,29161.38,7.32,75.71,1.13,38956,121935,Sports,17,3,2000
2000-04-01,1,28062,32538.21,9.19,107.98,1.1,32059,52356,Supperminicar,7,4,2000
2000-05-01,1,33314,33791.88,8.31,68.22,0.85,24818,38862,Smallfamilycar,7,5,2000
2000-06-01,1,34813,33132.12,4.36,115.64,1.01,29225,140795,Executivecar,16,6,2000
2000-07-01,1,28859,32006.34,3.74,55.97,1.14,33193,72701,Supperminicar,16,7,2000
2000-08-01,1,20985,28232.11,8.89,75.56,1.09,34175,78715,Mediumfamilycar,16,8,2000
2000-09-01,1,29481,26171.22,9.23,77.28,1.0,43527,108520,Smallfamilycar,9,9,2000
2000-10-01,1,36904,36777.09,8.47,119.17,1.03,33916,69597,Sports,9,10,2000
2000-11-01,1,36658,38583.78,6.49,98.28,0.87,41579,115676,Sports,6,11,2000
2000-12-01,1,26312,33593.36,7.41,110.81,1.08,29015,45885,Smallfamilycar,15,12,2000
2001-01-01,1,17453,37348.9,7.23,87.12,0.88,45165,77894,Executivecar,7,1,2001
2001-02-01,1,16880,27234.67,6.94,101.8,1.03,43139,143460,Supperminicar,12,2,2001
2001-03-01,1,22982,29833.3,8.07,91.35,0.86,37382,129739,Executivecar,12,3,2001
2001-04-01,1,28007,36999.35,9.12,54.18,1.14,32181,58153,Mediumfamilycar,7,4,2001
2001-05-01,1,39130,31691.29,7.24,94.84,0.86,18568,108478,Smallfamilycar,8,5,2001
2001-06-01,1,17082,31179.74,9.33,117.38,0.91,34351,117733,Mediumfamilycar,15,6,2001
2001-07-01,1,24935,41182.64,4.56,56.97,1.11,42548,71141,Sports,15,7,2001
2001-08-01,1,26104,39268.21,4.22,101.79,1.03,28742,34993,Sports,13,8,2001
2001-09-01,1,22183,45548.01,8.01,93.97,0.91,46790,140298,Sports,18,9,2001
2001-10-01,1,29651,41529.49,3.6,102.06,0.91,32426,112370,Supperminicar,13,10,2001
2001-11-01,1,37491,32189.85,7.4,98.84,1.0,24498,56803,Supperminicar,10,11,2001
2001-12-01,1,29905,38542.12,5.56,93.94,0.93,35779,142499,Executivecar,11,12,2001
2002-01-01,0,25108,30347.3,7.46,52.11,0.93,24800,49913,Supperminicar,19,1,2002
2002-02-01,0,29228,37906.05,8.42,56.44,1.07,29092,35219,Smallfamilycar,7,2,2002
2002-03-01,0,37298,31437.32,8.45,78.67,0.88,30447,91207,Mediumfamilycar,6,3,2002
2002-04-01,0,15646,35880.77,7.65,104.83,0.92,32472,64804,Sports,18,4,2002
2002-05-01,0,37738,30672.63,3.59,115.46,1.09,33971,102511,Sports,14,5,2002
2002-06-01,0,30000,35824.72,3.84,113.57,0.86,26986,71019,Mediumfamilycar,10,6,2002
2002-07-01,0,37527,27969.49,7.49,91.24,1.07,30365,100207,Smallfamilycar,7,7,2002
2002-08-01,0,23061,37761.25,4.96,68.65,0.93,33409,88527,Smallfamilycar,9,8,2002
2002-09-01,0,29337,37111.24,9.03,94.46,0.92,28187,90944,Supperminicar,18,9,2002
2002-10-01,0,36080,41060.11,5.51,70.48,1.11,30716,145332,Supperminicar,9,10,2002
2002-11-01,0,19617,38754.9,7.32,72.62,0.97,29357,54403,Executivecar,16,11,2002
2002-12-01,0,20615,33305.59,4.28,90.44,1.1,28213,49476,Supperminicar,19,12,2002
2003-01-01,0,17945,45902.18,5.47,56.04,1.11,42697,45600,Sports,18,1,2003
2003-02-01,0,16701,36993.72,8.67,83.5,0.86,21334,108766,Executivecar,11,2,2003
2003-03-01,0,31174,32915.65,5.45,113.9,0.97,37324,32783,Supperminicar,17,3,2003
2003-04-01,0,24897,36758.74,6.6,57.14,1.14,25359,73637,Mediumfamilycar,15,4,2003
2003-05-01,0,39231,31474.87,3.71,91.76,0.99,18990,59057,Executivecar,12,5,2003
2003-06-01,0,21820,29887.48,3.93,90.75,1.0,36634,114836,Supperminicar,16,6,2003
2003-07-01,0,39415,38174.62,7.9,76.43,1.11,41094,46007,Supperminicar,9,7,2003
2003-08-01,0,16136,36358.75,8.88,75.57,0.88,41279,101018,Executivecar,7,8,2003
2003-09-01,0,30341,31409.79,5.31,106.78,0.94,41820,145275,Supperminicar,8,9,2003
2003-10-01,0,38343,31268.42,7.77,89.76,0.98,29211,64432,Mediumfamilycar,5,10,2003
2003-11-01,0,30964,42298.0,4.85,119.95,0.99,45828,94836,Smallfamilycar,14,11,2003
2003-12-01,0,27256,39054.7,6.58,103.88,0.91,34589,124373,Executivecar,13,12,2003
2004-01-01,0,19077,35397.72,4.75,96.6,1.02,41995,131097,Sports,6,1,2004
2004-02-01,0,30043,39335.56,8.3,119.94,0.99,44915,68703,Smallfamilycar,16,2,2004
2004-03-01,0,20151,31790.89,7.91,92.36,0.94,34147,61667,Sports,15,3,2004
2004-04-01,0,35559,30595.27,4.94,60.67,1.0,23173,84111,Sports,14,4,2004
2004-05-01,0,20269,38602.41,8.22,98.29,1.11,21861,118782,Mediumfamilycar,8,5,2004
2004-06-01,0,36031,36697.27,8.59,101.17,1.03,48032,129983,Sports,17,6,2004
2004-07-01,0,37352,36025.67,8.53,103.28,1.01,49787,34350,Executivecar,12,7,2004
2004-08-01,0,36637,33707.57,4.81,62.07,0.99,21596,75655,Executivecar,13,8,2004
2004-09-01,0,28837,28904.78,7.66,110.55,0.99,29823,78896,Mediumfamilycar,7,9,2004
2004-10-01,0,30916,38650.13,6.67,66.78,1.0,47835,140528,Mediumfamilycar,11,10,2004
2004-11-01,0,37642,29423.99,8.8,50.89,1.1,18041,44663,Sports,11,11,2004
2004-12-01,0,26123,29617.52,8.04,98.61,0.94,32876,92598,Smallfamilycar,5,12,2004
2005-01-01,0,36256,33353.65,5.83,63.0,0.96,21244,53080,Smallfamilycar,10,1,2005
2005-02-01,0,24180,30168.73,6.22,67.3,0.92,30799,146598,Executivecar,10,2,2005
2005-03-01,0,24283,34989.63,8.95,72.92,0.99,18100,93783,Sports,5,3,2005
2005-04-01,0,37488,37702.57,4.42,94.85,1.13,47080,78232,Mediumfamilycar,17,4,2005
2005-05-01,0,21402,39172.38,8.27,97.39,0.91,19955,81309,Supperminicar,18,5,2005
2005-06-01,0,26252,36416.19,4.7,67.12,0.93,47715,85271,Mediumfamilycar,6,6,2005
2005-07-01,0,34291,41949.49,5.18,108.79,1.06,44970,86676,Mediumfamilycar,16,7,2005
2005-08-01,0,18031,40122.76,7.13,72.25,1.05,25888,99241,Smallfamilycar,13,8,2005
2005-09-01,0,17066,37964.1,3.67,111.08,1.05,19794,100242,Smallfamilycar,5,9,2005
2005-10-01,0,19017,36992.06,4.12,64.53,1.0,36629,118431,Sports,8,10,2005
2005-11-01,0,27036,42751.68,4.89,92.0,1.06,39583,37756,Mediumfamilycar,18,11,2005
2005-12-01,0,36681,34769.82,6.04,61.79,1.09,33184,130497,Supperminicar,17,12,2005
2006-01-01,0,20537,32629.21,9.3,78.79,0.93,24338,77400,Executivecar,9,1,2006
2006-02-01,0,28525,36320.42,8.85,115.59,0.88,44162,133617,Supperminicar,5,2,2006
2006-03-01,0,31711,42554.52,8.62,59.72,0.88,21765,52133,Supperminicar,13,3,2006
2006-04-01,0,34756,36611.86,3.85,56.68,0.95,33711,116777,Executivecar,13,4,2006
2006-05-01,0,22839,36654.96,6.34,114.25,1.13,44987,34470,Smallfamilycar,12,5,2006
2006-06-01,0,29818,30586.51,8.4,81.74,0.9,32875,82196,Executivecar,14,6,2006
2006-07-01,0,36236,23493.23,4.07,57.0,1.1,26631,135937,Smallfamilycar,6,7,2006
2006-08-01,0,33431,33655.91,9.37,97.19,0.97,37780,122051,Sports,19,8,2006
2006-09-01,0,23048,31511.97,7.72,52.09,0.94,33514,132639,Sports,6,9,2006
2006-10-01,0,37591,26970.88,7.27,117.58,0.91,47681,80382,Executivecar,7,10,2006
2006-11-01,0,32593,31600.2,6.64,113.29,1.06,46159,101571,Smallfamilycar,11,11,2006
2006-12-01,0,17142,40881.29,8.48,81.42,1.07,45459,84324,Smallfamilycar,18,12,2006
2007-01-01,0,36491,33385.46,5.33,87.76,0.98,44995,138909,Mediumfamilycar,7,1,2007
2007-02-01,0,34735,28868.34,6.49,107.46,1.11,22670,57459,Sports,8,2,2007
2007-03-01,0,29807,30905.89,9.18,94.3,1.0,38833,98602,Mediumfamilycar,8,3,2007
2007-04-01,0,35880,24675.43,8.01,77.7,0.91,40490,87078,Supperminicar,18,4,2007
2007-05-01,0,36352,38910.59,6.57,97.13,0.95,45608,100803,Sports,14,5,2007
2007-06-01,0,27964,36730.37,6.28,109.05,0.9,44372,42560,Mediumfamilycar,18,6,2007
2007-07-01,0,32505,38437.89,6.2,119.3,1.1,26390,132235,Mediumfamilycar,9,7,2007
2007-08-01,0,36516,37182.83,6.48,53.34,1.14,37787,105299,Smallfamilycar,9,8,2007
2007-09-01,0,25929,28766.33,6.66,61.23,1.11,43621,45059,Sports,9,9,2007
2007-10-01,0,34720,41179.71,4.11,51.23,0.94,45089,110230,Mediumfamilycar,16,10,2007
2007-11-01,0,27661,33292.5,6.69,79.5,0.92,44836,137123,Mediumfamilycar,15,11,2007
2007-12-01,1,32480,32565.39,3.85,70.58,0.95,22743,78640,Sports,19,12,2007
2008-01-01,1,32481,44232.24,7.98,106.46,0.85,38537,142502,Mediumfamilycar,15,1,2008
2008-02-01,1,30490,39178.41,5.66,89.73,0.85,26903,45906,Smallfamilycar,6,2,2008
2008-03-01,1,33232,42426.88,8.74,85.1,1.09,23942,73327,Supperminicar,17,3,2008
2008-04-01,1,34778,34252.13,7.2,79.46,0.94,38274,139834,Sports,8,4,2008
2008-05-01,1,20582,29526.14,7.33,89.38,1.13,30632,135032,Smallfamilycar,18,5,2008
2008-06-01,1,20561,31556.23,3.7,52.43,0.91,22318,76575,Smallfamilycar,14,6,2008
2008-07-01,1,28497,32575.02,9.5,88.63,0.96,48413,139112,Supperminicar,12,7,2008
2008-08-01,1,27352,21562.55,5.93,83.88,1.13,35985,76651,Executivecar,14,8,2008
2008-09-01,1,38125,34817.27,6.04,79.9,1.01,21995,122871,Smallfamilycar,13,9,2008
2008-10-01,1,24469,35219.31,6.78,81.18,0.97,38778,65934,Supperminicar,7,10,2008
2008-11-01,1,18518,28670.82,7.52,119.43,1.03,28087,59401,Smallfamilycar,16,11,2008
2008-12-01,1,17750,38404.07,6.89,97.55,1.02,43886,133331,Mediumfamilycar,13,12,2008
2009-01-01,1,31542,37553.0,8.34,114.78,0.99,43944,33447,Executivecar,19,1,2009
2009-02-01,1,27984,38860.65,5.31,95.73,1.01,33975,131697,Smallfamilycar,14,2,2009
2009-03-01,1,38998,29629.31,7.73,87.84,1.01,49710,119465,Sports,8,3,2009
2009-04-01,1,18379,26019.37,4.21,65.27,1.04,25824,34340,Sports,9,4,2009
2009-05-01,1,38158,35565.31,9.48,81.09,1.06,24669,125849,Supperminicar,9,5,2009
2009-06-01,1,26975,38662.15,5.85,67.61,0.98,37583,60465,Smallfamilycar,19,6,2009
2009-07-01,0,16298,39626.2,4.61,94.0,0.96,37905,40814,Smallfamilycar,5,7,2009
2009-08-01,0,20105,45184.11,7.45,108.85,1.1,20836,109031,Supperminicar,7,8,2009
2009-09-01,0,22814,36743.49,7.23,104.63,1.02,29944,47118,Mediumfamilycar,13,9,2009
2009-10-01,0,16729,43382.63,8.54,105.85,0.86,29922,134499,Mediumfamilycar,5,10,2009
2009-11-01,0,36747,31189.89,9.16,69.83,0.86,34823,46373,Executivecar,12,11,2009
2009-12-01,0,21783,27426.07,9.23,110.28,1.1,41043,55021,Sports,18,12,2009
2010-01-01,0,23642,30082.51,6.79,80.34,1.03,31452,86213,Supperminicar,9,1,2010
2010-02-01,0,24590,33205.0,5.78,115.04,0.88,43056,105657,Smallfamilycar,6,2,2010
2010-03-01,0,37457,38673.85,4.33,113.48,1.09,46044,38883,Smallfamilycar,8,3,2010
2010-04-01,0,32513,41177.39,7.55,111.93,0.89,29805,39987,Smallfamilycar,9,4,2010
2010-05-01,0,28660,27918.26,8.99,100.71,0.9,29133,35448,Executivecar,9,5,2010
2010-06-01,0,15403,36368.02,6.04,105.17,1.06,40205,148231,Smallfamilycar,18,6,2010
2010-07-01,0,24491,34413.7,4.34,101.92,1.11,28299,93182,Executivecar,9,7,2010
2010-08-01,0,27656,29176.95,8.61,70.24,0.93,40706,56755,Sports,5,8,2010
2010-09-01,0,17342,45171.43,4.71,93.69,1.05,30706,81197,Sports,15,9,2010
2010-10-01,0,29989,36527.02,6.47,59.55,1.03,38165,62821,Mediumfamilycar,7,10,2010
2010-11-01,0,39027,29804.74,5.98,114.9,1.11,23541,100824,Smallfamilycar,8,11,2010
2010-12-01,0,17932,37583.14,5.1,63.7,1.11,47126,148482,Smallfamilycar,5,12,2010
2011-01-01,0,23336,37962.85,4.34,93.1,1.0,42626,130204,Supperminicar,10,1,2011
2011-02-01,0,38272,28906.95,8.74,98.6,1.14,26252,89551,Executivecar,8,2,2011
2011-03-01,0,28685,35303.3,8.45,50.34,0.91,19633,36714,Executivecar,15,3,2011
2011-04-01,0,32155,32517.94,3.5,90.62,1.14,36320,62570,Smallfamilycar,7,4,2011
2011-05-01,0,16579,31923.6,9.4,96.49,0.97,43236,86657,Supperminicar,10,5,2011
2011-06-01,0,29498,42542.08,4.1,115.51,1.09,24744,93716,Smallfamilycar,14,6,2011
2011-07-01,0,30289,28700.48,7.68,96.25,0.97,19854,133409,Sports,19,7,2011
2011-08-01,0,33402,38529.3,5.39,67.68,0.89,48331,97576,Mediumfamilycar,11,8,2011
2011-09-01,0,16592,43107.05,7.59,54.13,0.99,20238,126873,Supperminicar,11,9,2011
2011-10-01,0,33773,38112.44,8.23,92.55,0.99,19148,104132,Sports,7,10,2011
2011-11-01,0,20111,35091.32,6.79,52.22,0.92,22209,120342,Executivecar,13,11,2011
2011-12-01,0,31190,30264.63,9.04,63.85,1.13,29468,52325,Smallfamilycar,6,12,2011
2012-01-01,0,34450,36994.11,6.18,67.57,0.96,21043,48795,Smallfamilycar,15,1,2012
2012-02-01,0,17201,35219.92,8.61,94.68,0.98,21829,43513,Supperminicar,13,2,2012
2012-03-01,0,15420,26272.08,7.72,105.5,1.06,40009,146102,Executivecar,10,3,2012
2012-04-01,0,34604,35884.09,5.17,105.09,0.97,48055,49710,Mediumfamilycar,15,4,2012
2012-05-01,0,17356,40265.13,8.73,102.97,1.11,26098,33656,Sports,14,5,2012
2012-06-01,0,22167,39150.06,5.43,86.6,0.95,36617,144138,Smallfamilycar,12,6,2012
2012-07-01,0,34204,32442.67,7.56,51.91,0.91,45060,83103,Executivecar,9,7,2012
2012-08-01,0,27665,33733.5,8.53,116.11,0.98,23319,67711,Sports,13,8,2012
2012-09-01,0,22111,42058.38,9.1,102.39,1.01,49273,96673,Executivecar,15,9,2012
2012-10-01,0,18270,34794.11,7.48,118.19,1.1,32076,37913,Supperminicar,17,10,2012
2012-11-01,0,25169,36810.88,6.44,102.51,1.08,45900,119538,Mediumfamilycar,8,11,2012
2012-12-01,0,37563,39122.18,3.51,57.52,0.96,29389,50555,Mediumfamilycar,14,12,2012
2013-01-01,0,32497,25985.26,8.47,119.35,1.04,39882,56555,Executivecar,10,1,2013
2013-02-01,0,24057,28999.83,8.66,64.59,0.91,39832,47781,Smallfamilycar,18,2,2013
2013-03-01,0,36383,33092.41,7.77,58.61,1.01,28314,65609,Executivecar,14,3,2013
2013-04-01,0,28005,33875.31,7.76,96.73,0.93,19947,145180,Smallfamilycar,14,4,2013
2013-05-01,0,28016,31525.51,8.42,85.66,0.86,40345,133945,Supperminicar,9,5,2013
2013-06-01,0,31774,29440.37,7.79,117.18,0.92,40851,62906,Executivecar,15,6,2013
2013-07-01,0,18771,40157.51,9.44,85.84,1.12,45537,130982,Mediumfamilycar,18,7,2013
2013-08-01,0,27649,37708.75,5.52,97.08,0.92,47834,53682,Mediumfamilycar,17,8,2013
2013-09-01,0,21547,37764.42,9.47,67.99,1.1,20200,143960,Supperminicar,18,9,2013
2013-10-01,0,17865,29677.35,7.51,61.78,1.07,23559,58814,Sports,18,10,2013
2013-11-01,0,17973,45877.04,4.45,60.53,0.99,23482,68119,Mediumfamilycar,12,11,2013
2013-12-01,0,30933,33919.17,8.83,114.28,0.98,47696,130039,Mediumfamilycar,14,12,2013
2014-01-01,0,18347,38946.14,7.97,65.34,1.09,36977,120215,Sports,19,1,2014
2014-02-01,0,23315,26310.96,3.54,56.1,1.09,47686,136450,Supperminicar,10,2,2014
2014-03-01,0,36077,37964.84,4.74,62.03,0.87,44894,42891,Executivecar,12,3,2014
2014-04-01,0,19092,27836.17,3.83,97.41,1.03,26799,134202,Supperminicar,11,4,2014
2014-05-01,0,20619,38905.18,7.26,95.95,0.91,40571,60905,Executivecar,19,5,2014
2014-06-01,0,18396,37730.96,8.71,60.09,0.94,19354,56793,Mediumfamilycar,8,6,2014
2014-07-01,0,15882,34836.22,7.99,100.52,0.99,31540,86773,Executivecar,14,7,2014
2014-08-01,0,31767,35539.63,9.06,115.85,1.12,43212,130602,Executivecar,18,8,2014
2014-09-01,0,36815,38461.21,6.56,99.05,1.0,25829,43394,Smallfamilycar,15,9,2014
2014-10-01,0,26925,32013.73,6.23,104.76,1.09,48618,75352,Sports,18,10,2014
2014-11-01,0,30033,44200.25,7.53,83.61,1.08,21387,96364,Smallfamilycar,10,11,2014
2014-12-01,0,28781,32367.56,7.0,59.54,0.93,34347,45692,Mediumfamilycar,16,12,2014
2015-01-01,0,28602,32383.84,9.05,98.59,1.11,36178,105281,Smallfamilycar,16,1,2015
2015-02-01,0,22804,29150.03,6.69,119.82,1.04,23587,120825,Executivecar,5,2,2015
2015-03-01,0,17223,36500.07,4.88,104.07,0.94,29637,30670,Supperminicar,14,3,2015
2015-04-01,0,35842,38241.38,7.66,69.7,0.93,20588,134247,Smallfamilycar,8,4,2015
2015-05-01,0,17462,32090.63,6.28,83.7,0.99,36270,76276,Sports,16,5,2015
2015-06-01,0,16679,34908.03,6.75,115.6,1.01,39544,137378,Supperminicar,5,6,2015
2015-07-01,0,24638,41968.6,4.82,105.42,1.14,42460,46273,Smallfamilycar,12,7,2015
2015-08-01,0,18865,41725.93,5.6,64.81,1.13,20214,58413,Smallfamilycar,19,8,2015
2015-09-01,0,37000,38284.06,6.51,112.15,0.96,32690,99062,Mediumfamilycar,18,9,2015
2015-10-01,0,26828,38127.61,3.91,62.18,0.92,24413,148413,Mediumfamilycar,11,10,2015
2015-11-01,0,20420,36852.47,4.32,117.5,1.04,23791,57728,Smallfamilycar,17,11,2015
2015-12-01,0,37484,35338.56,4.69,92.2,0.94,24038,135218,Executivecar,10,12,2015
2016-01-01,0,15497,33572.23,5.75,75.43,1.12,33025,59578,Executivecar,9,1,2016
2016-02-01,0,28324,28330.91,6.76,72.04,0.96,32781,130785,Executivecar,17,2,2016
2016-03-01,0,27862,27212.75,4.84,66.63,1.05,27920,95152,Sports,9,3,2016
2016-04-01,0,34348,27184.18,4.37,90.6,0.93,34132,31606,Supperminicar,13,4,2016
2016-05-01,0,34795,36357.19,4.39,99.76,1.02,43890,125225,Supperminicar,11,5,2016
2016-06-01,0,19805,36631.91,6.4,94.98,1.01,32664,79556,Mediumfamilycar,9,6,2016
2016-07-01,0,21958,31176.05,4.09,61.01,1.13,39070,36544,Smallfamilycar,18,7,2016
2016-08-01,0,17764,36581.01,5.51,104.58,0.95,20799,124399,Sports,6,8,2016
2016-09-01,0,15927,32001.86,8.77,50.61,0.9,40387,134204,Executivecar,8,9,2016
2016-10-01,0,19757,31996.45,4.59,60.9,1.05,42691,112325,Executivecar,19,10,2016
2016-11-01,0,25098,32799.55,9.13,50.43,1.12,24524,68234,Sports,18,11,2016
2016-12-01,0,34473,36049.17,6.08,108.96,1.15,45336,92705,Sports,18,12,2016
2017-01-01,0,36645,33506.18,4.85,75.04,0.99,28150,86507,Smallfamilycar,18,1,2017
2017-02-01,0,22514,37052.63,4.28,105.11,0.9,33716,114180,Executivecar,8,2,2017
2017-03-01,0,19309,23776.43,7.83,100.53,0.91,20373,69315,Executivecar,6,3,2017
2017-04-01,0,21213,38216.08,7.64,118.67,0.88,44761,131444,Executivecar,9,4,2017
2017-05-01,0,26600,34659.52,7.88,102.34,0.96,18364,46813,Executivecar,13,5,2017
2017-06-01,0,32705,33599.34,8.66,95.65,1.0,23290,108807,Smallfamilycar,10,6,2017
2017-07-01,0,35725,31439.62,3.66,111.73,1.12,23851,88933,Sports,6,7,2017
2017-08-01,0,28692,44328.62,4.73,109.92,1.06,19200,107533,Executivecar,8,8,2017
2017-09-01,0,23675,31834.28,8.0,72.29,0.88,47155,128945,Smallfamilycar,5,9,2017
2017-10-01,0,31816,31366.05,3.93,98.99,1.07,34884,92663,Executivecar,19,10,2017
2017-11-01,0,30235,35682.93,5.22,98.17,0.96,48003,147349,Mediumfamilycar,12,11,2017
2017-12-01,0,17800,30876.87,6.68,105.49,0.88,41643,81436,Smallfamilycar,19,12,2017
2018-01-01,0,19095,35436.23,8.02,58.68,1.09,46083,129567,Mediumfamilycar,19,1,2018
2018-02-01,0,30872,37818.74,4.99,111.24,0.95,36039,50437,Executivecar,15,2,2018
2018-03-01,0,31954,27461.34,8.8,100.7,0.88,46752,133031,Smallfamilycar,15,3,2018
2018-04-01,0,20760,42762.46,9.38,61.14,1.07,39028,112574,Smallfamilycar,14,4,2018
2018-05-01,0,22971,32127.52,8.75,81.72,0.87,34785,122194,Smallfamilycar,15,5,2018
2018-06-01,0,34931,31959.94,9.45,108.61,1.03,44309,33570,Sports,16,6,2018
2018-07-01,0,35864,29929.54,4.39,92.75,1.11,29338,141533,Smallfamilycar,14,7,2018
2018-08-01,0,25164,35831.26,6.21,103.41,0.88,34708,58255,Supperminicar,9,8,2018
2018-09-01,0,33821,46277.11,7.96,108.46,0.94,32698,109937,Supperminicar,16,9,2018
2018-10-01,0,37494,32399.99,3.53,89.12,1.08,23542,116687,Supperminicar,5,10,2018
2018-11-01,0,37600,29277.81,8.18,83.22,1.1,27473,115562,Smallfamilycar,12,11,2018
2018-12-01,0,31092,30071.9,7.96,55.31,0.87,32016,84815,Sports,9,12,2018
2019-01-01,0,34987,31457.64,8.24,65.47,0.91,43237,133824,Mediumfamilycar,5,1,2019
2019-02-01,0,25123,30904.32,6.38,103.94,0.92,40786,141314,Sports,11,2,2019
2019-03-01,0,16284,40032.87,7.86,99.04,1.13,19739,132964,Sports,5,3,2019
2019-04-01,0,25165,32921.58,5.79,56.27,0.89,24821,94005,Mediumfamilycar,9,4,2019
2019-05-01,0,15141,30976.34,9.47,75.75,1.07,18089,89538,Mediumfamilycar,9,5,2019
2019-06-01,0,34045,31125.67,6.02,65.6,0.9,19066,141174,Executivecar,13,6,2019
2019-07-01,0,25325,31679.75,4.48,76.63,1.02,27929,64639,Executivecar,5,7,2019
2019-08-01,0,17008,30121.7,7.21,76.01,1.08,49302,67097,Sports,10,8,2019
2019-09-01,0,18614,32108.5,5.44,106.48,0.88,49724,108116,Supperminicar,12,9,2019
2019-10-01,0,22755,36915.26,4.88,94.21,0.92,37512,107446,Mediumfamilycar,15,10,2019
2019-11-01,0,36757,39792.57,5.93,75.45,0.96,44171,140903,Mediumfamilycar,11,11,2019
2019-12-01,0,19540,30843.14,7.4,66.48,1.1,43547,100745,Smallfamilycar,18,12,2019
2020-01-01,0,22987,33963.44,6.79,52.86,0.99,23929,138032,Supperminicar,11,1,2020
2020-02-01,1,39908,26460.46,6.19,55.9,1.08,32638,87795,Smallfamilycar,12,2,2020
2020-03-01,1,15149,41327.21,5.9,55.08,1.06,23492,116466,Smallfamilycar,7,3,2020
2020-04-01,1,27364,32689.38,5.18,102.27,1.13,27954,52890,Mediumfamilycar,16,4,2020
2020-05-01,0,33875,36975.25,8.18,106.92,0.93,18539,77301,Smallfamilycar,16,5,2020
2020-06-01,0,30678,33549.99,8.28,87.76,1.03,40116,96911,Supperminicar,14,6,2020
2020-07-01,0,25471,35491.7,5.58,81.64,0.89,36415,40231,Sports,17,7,2020
2020-08-01,0,28048,35110.5,6.73,96.67,0.9,29853,71874,Executivecar,9,8,2020
2020-09-01,0,29451,37357.09,6.55,87.43,1.0,19083,77337,Sports,8,9,2020
2020-10-01,0,29173,30123.66,4.34,103.25,1.07,41876,90985,Executivecar,5,10,2020
2020-11-01,0,39514,39283.72,8.92,72.6,1.03,45408,94298,Supperminicar,15,11,2020
2020-12-01,0,23879,35452.17,8.63,112.41,1.04,47435,122751,Smallfamilycar,8,12,2020
2021-01-01,0,31267,26435.35,3.87,68.43,1.04,35106,32241,Smallfamilycar,10,1,2021
2021-02-01,0,30291,39708.92,5.23,64.39,1.09,33814,34377,Mediumfamilycar,7,2,2021
2021-03-01,0,29748,31788.69,8.95,54.43,1.08,26535,74010,Executivecar,7,3,2021
2021-04-01,0,17689,29382.68,7.46,66.93,0.88,42749,52102,Smallfamilycar,8,4,2021
2021-05-01,0,20588,29588.44,9.43,109.72,0.94,25989,57021,Smallfamilycar,13,5,2021
2021-06-01,0,24398,33233.49,4.08,102.03,1.06,23080,53468,Executivecar,10,6,2021
2021-07-01,0,15831,36272.8,5.06,92.76,1.01,26169,144269,Sports,19,7,2021
2021-08-01,0,33227,42033.87,8.77,83.35,0.93,22612,98459,Supperminicar,5,8,2021
2021-09-01,0,34417,40628.44,7.36,113.03,1.09,39448,120234,Supperminicar,9,9,2021
2021-10-01,0,23430,27627.74,9.16,58.5,0.93,44283,133918,Supperminicar,5,10,2021
2021-11-01,0,37625,31005.24,4.78,106.32,1.11,47219,39982,Smallfamilycar,16,11,2021
2021-12-01,0,33138,26428.53,7.76,57.36,1.1,38273,84944,Mediumfamilycar,17,12,2021
